model_chpk,mean_mcmd,ece
best_loss.ckpt,0.0010959485080093145,0.16470533718781313
best_mae.ckpt,0.008725161664187908,0.20348969259843236
last.ckpt,0.006641015876084566,0.15949987466260998
