model_chpk,mean_mcmd,ece
best_loss.ckpt,0.004194668494164944,0.19384635388740692
best_mae.ckpt,0.022408924996852875,0.24468289286704664
last.ckpt,0.04349005967378616,0.239305973638585
