model_chpk,mean_mcmd,ece
best_loss.ckpt,0.010725771076977253,0.14834453958305532
best_mae.ckpt,0.023867717012763023,0.22542734181252597
last.ckpt,0.03752917796373367,0.2284015510826472
